run_id,run_number,created_at,event,conclusion,head_branch,duration_s,duration_min
26067788652,1661,2026-05-19 00:05:26+00:00,pull_request,failure,V5e-Radio-Integration-Tests,624,10.4
26067913997,1662,2026-05-19 00:09:07+00:00,pull_request,failure,V5e-Radio-Integration-Tests,726,12.1
26069271243,1664,2026-05-19 00:48:56+00:00,pull_request,failure,V5e-Radio-Integration-Tests,286,4.766666666666667
26069343941,1665,2026-05-19 00:51:06+00:00,pull_request,failure,V5e-Radio-Integration-Tests,688,11.466666666666667
26070002090,1666,2026-05-19 01:11:27+00:00,pull_request,failure,V5e-Radio-Integration-Tests,733,12.216666666666667
26074263170,1667,2026-05-19 03:25:04+00:00,pull_request,failure,V5e-Radio-Integration-Tests,231,3.85
26074691679,1668,2026-05-19 03:38:47+00:00,pull_request,failure,V5e-Radio-Integration-Tests,654,10.9
26075282919,1669,2026-05-19 03:58:04+00:00,pull_request,failure,V5e-Radio-Integration-Tests,317,5.283333333333333
26076207837,1670,2026-05-19 04:28:18+00:00,pull_request,failure,V5e-Radio-Integration-Tests,672,11.2
26077775933,1671,2026-05-19 05:16:27+00:00,pull_request,failure,V5e-Radio-Integration-Tests,286,4.766666666666667
26078365963,1672,2026-05-19 05:33:38+00:00,pull_request,failure,V5e-Radio-Integration-Tests,668,11.133333333333333
26079082399,1673,2026-05-19 05:54:16+00:00,pull_request,failure,V5e-Radio-Integration-Tests,648,10.8
26079809553,1674,2026-05-19 06:14:14+00:00,pull_request,failure,V5e-Radio-Integration-Tests,361,6.016666666666667
26084280728,1675,2026-05-19 07:59:56+00:00,pull_request,failure,V5e-Radio-Integration-Tests,302,5.033333333333333
26205403680,1676,2026-05-21 04:27:13+00:00,pull_request,failure,V5e-Radio-Integration-Tests,447,7.45
26207420125,1677,2026-05-21 05:30:32+00:00,pull_request,success,fix/startup-manager-quiescence-corruption,486,8.1
26210489346,1681,2026-05-21 06:54:15+00:00,pull_request,failure,V5e-Radio-Integration-Tests,1063,17.716666666666665
26340730880,1682,2026-05-23 18:49:55+00:00,pull_request,failure,V5e-Radio-Integration-Tests,641,10.683333333333334
26341302125,1683,2026-05-23 19:17:58+00:00,pull_request,failure,V5e-Radio-Integration-Tests,1466,24.433333333333334
26343919963,1685,2026-05-23 21:23:58+00:00,pull_request,failure,V5e-Radio-Integration-Tests,1215,20.25
26344499828,1686,2026-05-23 21:52:29+00:00,pull_request,failure,V5e-Radio-Integration-Tests,965,16.083333333333332
26345888432,1687,2026-05-23 23:02:54+00:00,pull_request,failure,V5e-Radio-Integration-Tests,1036,17.266666666666666
26347137984,1688,2026-05-24 00:10:20+00:00,pull_request,failure,V5e-Radio-Integration-Tests,749,12.483333333333333
26347670725,1689,2026-05-24 00:40:00+00:00,pull_request,failure,V5e-Radio-Integration-Tests,887,14.783333333333333
26349322162,1690,2026-05-24 02:09:45+00:00,pull_request,failure,V5e-Radio-Integration-Tests,1301,21.683333333333334
26352132643,1691,2026-05-24 04:42:56+00:00,push,success,main,514,8.566666666666666
26352138609,1692,2026-05-24 04:43:17+00:00,pull_request,success,fix/startup-manager-quiescence-corruption,842,14.033333333333333
26352390767,1693,2026-05-24 04:57:23+00:00,push,success,main,352,5.866666666666666
26353712459,1694,2026-05-24 06:11:53+00:00,pull_request,failure,V5e-Radio-Integration-Tests,1289,21.483333333333334
26366274114,1695,2026-05-24 16:13:15+00:00,pull_request,failure,V5e-Radio-Integration-Tests,1141,19.016666666666666
26372921012,1697,2026-05-24 21:13:31+00:00,pull_request,failure,V5e-Radio-Integration-Tests,1034,17.233333333333334
26373805117,1698,2026-05-24 21:55:21+00:00,pull_request,failure,V5e-Radio-Integration-Tests,551,9.183333333333334
26374560020,1700,2026-05-24 22:30:46+00:00,pull_request,failure,V5e-Radio-Integration-Tests,1025,17.083333333333332
26375190322,1701,2026-05-24 23:01:20+00:00,pull_request,success,V5e-Radio-Integration-Tests,1291,21.516666666666666
26375202887,1702,2026-05-24 23:01:56+00:00,pull_request,success,V5e-Radio-Integration-Tests,482,8.033333333333333
26411620545,1703,2026-05-25 17:06:58+00:00,pull_request,failure,restore-tests-in-rf,1377,22.95
26413039175,1704,2026-05-25 17:47:30+00:00,pull_request,failure,restore-tests-in-rf,1321,22.016666666666666
26413549605,1705,2026-05-25 18:02:04+00:00,pull_request,failure,restore-tests-in-rf,1674,27.9
26414083074,1706,2026-05-25 18:17:27+00:00,pull_request,failure,restore-tests-in-rf,819,13.65
26418606056,1707,2026-05-25 20:30:40+00:00,pull_request,failure,restore-tests-in-rf,1156,19.266666666666666
26418919296,1708,2026-05-25 20:39:57+00:00,pull_request,failure,tca-mux-reset,142,2.3666666666666667
26419429308,1709,2026-05-25 20:55:05+00:00,pull_request,success,ignore-openocd,511,8.516666666666667
26419709529,1710,2026-05-25 21:03:40+00:00,push,success,main,511,8.516666666666667
26419880270,1711,2026-05-25 21:09:21+00:00,pull_request,success,tca-mux-reset,536,8.933333333333334
26420013547,1712,2026-05-25 21:13:35+00:00,pull_request,failure,RTC_test_fix,605,10.083333333333334
26420451329,1713,2026-05-25 21:27:45+00:00,pull_request,failure,tca-mux-reset,562,9.366666666666667
26420798511,1715,2026-05-25 21:38:46+00:00,pull_request,failure,RTC_test_fix,350,5.833333333333333
26421683373,1716,2026-05-25 22:08:18+00:00,pull_request,success,skip-cam-test-temp,578,9.633333333333333
26422176569,1718,2026-05-25 22:25:48+00:00,pull_request,success,restore-tests-in-rf,505,8.416666666666666
26423030554,1719,2026-05-25 22:56:44+00:00,pull_request,success,V5e-Radio-Integration-Tests,1167,19.45
26423924403,1720,2026-05-25 23:30:44+00:00,pull_request,success,V5e-Radio-Integration-Tests,1718,28.633333333333333
26423948692,1721,2026-05-25 23:31:36+00:00,push,success,main,778,12.966666666666667
26423972776,1722,2026-05-25 23:32:32+00:00,pull_request,success,V5e-Radio-Integration-Tests,2101,35.016666666666666
26430207427,1723,2026-05-26 03:17:06+00:00,pull_request,failure,V5e-Radio-Integration-Tests,667,11.116666666666667
26431274231,1724,2026-05-26 03:53:56+00:00,push,success,main,836,13.933333333333334
26553863178,1725,2026-05-28 04:00:34+00:00,pull_request,failure,RTC_test_fix,323,5.383333333333334
26612675133,1726,2026-05-29 01:34:39+00:00,pull_request,failure,RTC_test_fix,486,8.1
26613239978,1727,2026-05-29 01:52:45+00:00,pull_request,failure,RTC_test_fix,325,5.416666666666667
26672209627,1728,2026-05-30 02:38:20+00:00,pull_request,failure,copilot/day-in-the-life-test-ci-target,526,8.766666666666667
26672753401,1729,2026-05-30 03:04:34+00:00,pull_request,failure,copilot/day-in-the-life-test-ci-target,168,2.8
26895788532,1730,2026-06-03 15:41:07+00:00,pull_request,success,independent-radio-tests,580,9.666666666666666
26899588382,1731,2026-06-03 16:49:49+00:00,push,success,main,327,5.45
26994574878,1732,2026-06-05 04:02:18+00:00,pull_request,failure,bump/fprime-yamcs-0.1.3,279,4.65
26994647324,1733,2026-06-05 04:04:33+00:00,pull_request,failure,bump/fprime-yamcs-0.1.3,56,0.9333333333333333
27895772851,1734,2026-06-21 06:19:00+00:00,pull_request,failure,test/issue-207-continuous-wave-regression,348,5.8
28423879629,1735,2026-06-30 06:03:29+00:00,pull_request,failure,feat/yamcs-promiscuous-scid,301,5.016666666666667
28565095755,1736,2026-07-02 04:19:21+00:00,pull_request,failure,codex/multi-scid,328,5.466666666666667
28566667531,1737,2026-07-02 05:02:02+00:00,pull_request,failure,codex/multi-scid,334,5.566666666666666
28567274612,1738,2026-07-02 05:18:04+00:00,pull_request,failure,codex/multi-scid,33,0.55
28747359075,1739,2026-07-05 16:28:52+00:00,pull_request,failure,sc-time,330,5.5
29065404731,1740,2026-07-10 02:47:05+00:00,pull_request,failure,fprime-v4.2.2,121,2.0166666666666666
29065650856,1741,2026-07-10 02:53:58+00:00,pull_request,failure,fprime-v4.2.2,313,5.216666666666667
29069022527,1742,2026-07-10 04:25:33+00:00,pull_request,failure,upgrade-zephyr-4.4.1,135,2.25
29072282776,1743,2026-07-10 05:49:53+00:00,pull_request,failure,fprime-v4.2.2,354,5.9
29074260447,1744,2026-07-10 06:35:55+00:00,pull_request,failure,fprime-v4.2.2,63,1.05
29075272462,1745,2026-07-10 06:58:12+00:00,pull_request,failure,fprime-v4.2.2,297,4.95
29076258317,1746,2026-07-10 07:18:00+00:00,pull_request,failure,fprime-v4.2.2,108,1.8
29119778212,1747,2026-07-10 19:57:55+00:00,pull_request,failure,fix-uv-dep,350,5.833333333333333
29119953428,1748,2026-07-10 20:00:56+00:00,pull_request,failure,fix-uv-dep,499,8.316666666666666
29120189865,1749,2026-07-10 20:05:07+00:00,pull_request,failure,fix-uv-dep,1396,23.266666666666666
29125200862,1750,2026-07-10 21:35:59+00:00,pull_request,failure,fprime-v4.2.2,1074,17.9
29164403748,1751,2026-07-11 18:57:37+00:00,pull_request,failure,empty-test,307,5.116666666666666
29164992966,1752,2026-07-11 19:17:26+00:00,pull_request,failure,empty-test,1210,20.166666666666668
29165181551,1753,2026-07-11 19:23:52+00:00,pull_request,failure,feat/psram-v5d,1756,29.266666666666666
29165672579,1754,2026-07-11 19:40:21+00:00,pull_request,success,empty-test,1762,29.366666666666667
29166084029,1757,2026-07-11 19:54:35+00:00,pull_request,success,empty-test,1826,30.433333333333334
29167240645,1760,2026-07-11 20:33:12+00:00,pull_request,failure,feat/psram-v5d,1118,18.633333333333333
29167497662,1761,2026-07-11 20:42:03+00:00,pull_request,success,empty-test,319,5.316666666666666
29170280609,1764,2026-07-11 22:18:26+00:00,push,success,main,1082,18.033333333333335
29170378957,1765,2026-07-11 22:21:59+00:00,pull_request,failure,littlefs,1393,23.216666666666665
29170474585,1766,2026-07-11 22:25:24+00:00,pull_request,failure,fprime-v4.2.2,1839,30.65
29170533395,1767,2026-07-11 22:27:33+00:00,pull_request,failure,upgrade-zephyr-4.4.1,320,5.333333333333333
29171745665,1768,2026-07-11 23:12:11+00:00,pull_request,success,feat/psram-v5d,1079,17.983333333333334
29171861471,1769,2026-07-11 23:16:31+00:00,pull_request,success,feat/psram-v5d,1766,29.433333333333334
29171995514,1770,2026-07-11 23:21:32+00:00,pull_request,success,fix-uv-dep,1592,26.533333333333335
29173012720,1771,2026-07-12 00:00:26+00:00,push,success,main,1625,27.083333333333332
29198752793,1772,2026-07-12 15:43:49+00:00,pull_request,success,fix/rtc-helper-seconds-carry,1091,18.183333333333334
29202405724,1773,2026-07-12 17:39:34+00:00,pull_request,failure,feat/usp-radio,127,2.1166666666666667
29202792352,1774,2026-07-12 17:51:49+00:00,pull_request,failure,feat/usp-radio,117,1.95
29203203531,1775,2026-07-12 18:05:07+00:00,pull_request,failure,feat/usp-radio,104,1.7333333333333334
29203641943,1776,2026-07-12 18:18:59+00:00,pull_request,failure,feat/usp-radio,186,3.1
29203981093,1777,2026-07-12 18:29:52+00:00,pull_request,failure,feat/usp-radio,781,13.016666666666667
29204512494,1778,2026-07-12 18:46:29+00:00,pull_request,failure,feat/usp-radio,2659,44.31666666666667
29212863224,1779,2026-07-12 23:08:44+00:00,pull_request,failure,add-tlm-storage,157,2.6166666666666667
29212902121,1780,2026-07-12 23:10:02+00:00,pull_request,failure,add-tlm-storage,277,4.616666666666666
29213090530,1781,2026-07-12 23:16:03+00:00,pull_request,failure,add-tlm-storage,183,3.05
29213527161,1782,2026-07-12 23:30:40+00:00,pull_request,failure,add-tlm-storage,150,2.5
29213678429,1783,2026-07-12 23:35:32+00:00,pull_request,failure,add-tlm-storage,1343,22.383333333333333
29219672819,1784,2026-07-13 02:30:56+00:00,pull_request,failure,add-tlm-storage,967,16.116666666666667
29220046081,1785,2026-07-13 02:41:53+00:00,pull_request,success,ci-reset-submodule-state,2852,47.53333333333333
29220671414,1786,2026-07-13 02:59:58+00:00,pull_request,success,ci-reset-submodule-state,1247,20.783333333333335
29222947936,1787,2026-07-13 04:01:37+00:00,push,success,main,1123,18.716666666666665
29222972434,1788,2026-07-13 04:02:16+00:00,pull_request,failure,feat/usp-radio,1667,27.783333333333335
29226330269,1789,2026-07-13 05:26:41+00:00,pull_request,success,feat/usp-radio,326,5.433333333333334
29307298443,1790,2026-07-14 04:58:33+00:00,pull_request,failure,hard_coded_startup,1272,21.2
29373586865,1791,2026-07-14 22:37:14+00:00,pull_request,success,sc-time,1026,17.1
29376508461,1792,2026-07-14 23:33:55+00:00,pull_request,failure,upgrade-zephyr-4.4.1,134,2.2333333333333334
29376855656,1793,2026-07-14 23:41:12+00:00,pull_request,failure,upgrade-zephyr-4.4.1,136,2.2666666666666666
29377451264,1794,2026-07-14 23:53:19+00:00,pull_request,failure,new-branch-2,212,3.533333333333333
29378970311,1795,2026-07-15 00:24:51+00:00,pull_request,failure,upgrade-zephyr-4.4.1,159,2.65
29379159143,1796,2026-07-15 00:28:58+00:00,pull_request,failure,new-branch-2,351,5.85
29379406232,1797,2026-07-15 00:34:22+00:00,pull_request,failure,upgrade-zephyr-4.4.1,150,2.5
29380299786,1798,2026-07-15 00:54:39+00:00,pull_request,failure,upgrade-zephyr-4.4.1,133,2.216666666666667
29384326719,1799,2026-07-15 02:32:17+00:00,pull_request,failure,upgrade-zephyr-4.4.1,791,13.183333333333334
29386425461,1800,2026-07-15 03:23:51+00:00,pull_request,failure,upgrade-zephyr-4.4.1,1064,17.733333333333334
29389687100,1801,2026-07-15 04:44:12+00:00,pull_request,failure,upgrade-zephyr-4.4.1,797,13.283333333333333
29391463603,1802,2026-07-15 05:26:42+00:00,push,success,main,320,5.333333333333333
29395111447,1803,2026-07-15 06:44:44+00:00,pull_request,failure,new-branch-2,349,5.816666666666666
29443958813,1804,2026-07-15 19:17:39+00:00,pull_request,success,fix/i2c-dw-clock-speed-rp2350,327,5.45
29471382518,1805,2026-07-16 04:26:40+00:00,pull_request,failure,fix/ci-format-before-tests,309,5.15
29472842771,1806,2026-07-16 05:02:26+00:00,pull_request,success,fix/ci-format-before-tests,1118,18.633333333333333
29474498987,1807,2026-07-16 05:40:06+00:00,pull_request,failure,hard_coded_startup,1097,18.283333333333335
29485818350,1808,2026-07-16 09:05:06+00:00,pull_request,failure,new-branch-2,135,2.25
29542468941,1809,2026-07-16 23:34:10+00:00,pull_request,failure,proves-router,1092,18.2
29542487972,1810,2026-07-16 23:34:39+00:00,pull_request,failure,proves-router,1980,33.0
29546976521,1811,2026-07-17 01:15:26+00:00,pull_request,success,proves-router,1281,21.35
29548366633,1812,2026-07-17 01:48:19+00:00,pull_request,success,proves-router,1260,21.0
29553985143,1814,2026-07-17 04:05:27+00:00,pull_request,success,bump/fprime-yamcs-0.1.3,1149,19.15
29556550263,1815,2026-07-17 05:08:08+00:00,pull_request,success,fix/ci-format-before-tests,1176,19.6
29558450160,1816,2026-07-17 05:52:18+00:00,push,success,main,1145,19.083333333333332
29558472696,1817,2026-07-17 05:52:50+00:00,pull_request,success,bump/fprime-yamcs-0.1.3,2080,34.666666666666664
29559826089,1820,2026-07-17 06:21:59+00:00,pull_request,success,proves-router,1522,25.366666666666667
29560356170,1821,2026-07-17 06:33:05+00:00,pull_request,failure,upgrade-zephyr-4.4.1,604,10.066666666666666
29561132508,1822,2026-07-17 06:49:02+00:00,push,success,main,442,7.366666666666666
29631369330,1823,2026-07-18 04:55:47+00:00,pull_request,failure,tc-security-deframer-3,499,8.316666666666666
29632299617,1824,2026-07-18 05:27:54+00:00,pull_request,failure,tc-security-deframer-3,548,9.133333333333333
29633099630,1825,2026-07-18 05:55:35+00:00,pull_request,failure,tc-security-deframer-3,476,7.933333333333334
29633396311,1826,2026-07-18 06:05:38+00:00,pull_request,failure,tc-security-deframer-3,424,7.066666666666666
29633710341,1827,2026-07-18 06:16:32+00:00,pull_request,failure,tc-security-deframer-3,474,7.9
29634066996,1828,2026-07-18 06:29:01+00:00,pull_request,failure,tc-security-deframer-3,476,7.933333333333334
29634393562,1829,2026-07-18 06:40:32+00:00,pull_request,success,hard_coded_startup,1367,22.783333333333335
29652037954,1830,2026-07-18 16:28:44+00:00,pull_request,failure,tc-security-deframer-3,440,7.333333333333333
29652378576,1831,2026-07-18 16:38:53+00:00,pull_request,success,feat/sband-pr2-component,1118,18.633333333333333
29652395080,1832,2026-07-18 16:39:26+00:00,pull_request,failure,feat/sband-pr3-topology,1879,31.316666666666666
29652506495,1833,2026-07-18 16:42:51+00:00,pull_request,failure,feat/sband-pr3-topology,2363,39.38333333333333
29652609918,1834,2026-07-18 16:45:58+00:00,pull_request,failure,tc-security-deframer-3,2309,38.483333333333334
29653398144,1835,2026-07-18 17:10:20+00:00,pull_request,success,codex/restore-make-sync-sequence-number-command,3069,51.15
29653438165,1836,2026-07-18 17:11:35+00:00,pull_request,failure,add-tlm-storage,3489,58.15
29653658485,1837,2026-07-18 17:18:32+00:00,pull_request,failure,feat/sband-pr3-topology,4390,73.16666666666667
29654116947,1838,2026-07-18 17:32:38+00:00,pull_request,failure,tc-security-deframer-3,69,1.15
29656256180,1839,2026-07-18 18:38:22+00:00,pull_request,failure,tc-security-deframer-3,1409,23.483333333333334
29657221360,1840,2026-07-18 19:08:29+00:00,pull_request,success,tc-security-deframer-3,1395,23.25
29658718189,1841,2026-07-18 19:55:36+00:00,pull_request,success,tc-security-deframer-3,1414,23.566666666666666
29666252527,1842,2026-07-19 00:01:54+00:00,pull_request,success,tc-security-deframer-3,2259,37.65
29666465915,1843,2026-07-19 00:08:57+00:00,push,failure,main,2207,36.78333333333333
29666745290,1844,2026-07-19 00:18:57+00:00,pull_request,success,fix/i2c-dw-clock-speed-rp2350,5225,87.08333333333333
29669110792,1847,2026-07-19 01:46:06+00:00,push,success,main,1390,23.166666666666668
29669536415,1848,2026-07-19 02:02:10+00:00,pull_request,success,tc-security-deframer-3,1637,27.283333333333335
29676411127,1849,2026-07-19 06:25:14+00:00,pull_request,success,keep-docs-up-to-date,1382,23.033333333333335
29679164871,1850,2026-07-19 08:03:42+00:00,pull_request,success,bump/fprime-yamcs-0.1.3,1324,22.066666666666666
29679807705,1851,2026-07-19 08:25:51+00:00,push,success,main,1326,22.1
29680751449,1852,2026-07-19 08:58:42+00:00,pull_request,failure,update_sequences,1379,22.983333333333334
29681076723,1853,2026-07-19 09:09:25+00:00,pull_request,success,update_sequences,1836,30.6
29694822644,1855,2026-07-19 16:25:20+00:00,pull_request,failure,tc-security-deframer-3,199,3.316666666666667
29695694193,1856,2026-07-19 16:51:47+00:00,pull_request,success,tc-security-deframer-3,1369,22.816666666666666
29703347935,1857,2026-07-19 20:53:16+00:00,push,success,main,1366,22.766666666666666
29705989386,1858,2026-07-19 22:21:04+00:00,pull_request,failure,keep-docs-up-to-date,1371,22.85
29707805585,1859,2026-07-19 23:22:16+00:00,pull_request,success,update_sequences,12374,206.23333333333332
29710787978,1861,2026-07-20 01:20:45+00:00,pull_request,success,time_toggle,4394,73.23333333333333
29711147803,1862,2026-07-20 01:35:30+00:00,pull_request,success,feat/usp-radio,5915,98.58333333333333
29711210494,1863,2026-07-20 01:38:06+00:00,pull_request,failure,upgrade-zephyr-4.4.1,2822,47.03333333333333
29711469542,1864,2026-07-20 01:48:51+00:00,pull_request,failure,time_toggle,2687,44.78333333333333
29712533445,1865,2026-07-20 02:24:40+00:00,pull_request,success,RTC_test_fix,4179,69.65
29713462178,1866,2026-07-20 02:54:21+00:00,push,failure,main,3500,58.333333333333336
29715315035,1867,2026-07-20 03:44:41+00:00,pull_request,failure,upgrade-zephyr-4.4.1,698,11.633333333333333
29716088834,1868,2026-07-20 04:06:16+00:00,pull_request,success,upgrade-zephyr-4.4.1,657,10.95
29717470905,1869,2026-07-20 04:41:22+00:00,push,success,main,418,6.966666666666667
29718579731,1870,2026-07-20 05:12:09+00:00,pull_request,failure,fprime-v4.2.2,269,4.483333333333333
29719284770,1871,2026-07-20 05:30:10+00:00,pull_request,failure,fprime-v4.2.2,1448,24.133333333333333
29719963686,1872,2026-07-20 05:47:36+00:00,pull_request,failure,fprime-v4.2.2,1628,27.133333333333333
29725434461,1873,2026-07-20 07:42:01+00:00,pull_request,failure,fprime-v4.2.2,1285,21.416666666666668
29729302353,1878,2026-07-20 08:51:42+00:00,pull_request,failure,fprime-v4.2.2,1870,31.166666666666668
29732605396,1879,2026-07-20 09:45:15+00:00,pull_request,failure,fprime-v4.2.2,1477,24.616666666666667
29734470419,1880,2026-07-20 10:16:04+00:00,pull_request,success,fprime-v4.2.2,1066,17.766666666666666
29748506256,1881,2026-07-20 13:57:32+00:00,pull_request,success,fprime-v4.2.2,1283,21.383333333333333
29753984678,1882,2026-07-20 15:10:42+00:00,push,success,main,438,7.3
29763032701,1883,2026-07-20 17:16:16+00:00,pull_request,failure,RTC_test_fix,1422,23.7
29771569504,1884,2026-07-20 19:20:22+00:00,pull_request,failure,RTC_test_fix,259,4.316666666666666
29803177645,1886,2026-07-21 05:09:10+00:00,pull_request,failure,hard_coded_startup,95,1.5833333333333333
29803177989,1887,2026-07-21 05:09:11+00:00,pull_request,failure,hard_coded_startup,94,1.5666666666666667
29803248707,1888,2026-07-21 05:10:39+00:00,pull_request,failure,hard_coded_startup,211,3.5166666666666666
29805581065,1889,2026-07-21 05:58:55+00:00,pull_request,failure,hard_coded_startup,326,5.433333333333334
29806593125,1890,2026-07-21 06:18:00+00:00,pull_request,success,hard_coded_startup,1307,21.783333333333335
29808816207,1891,2026-07-21 06:59:38+00:00,pull_request,failure,keep-docs-up-to-date,1415,23.583333333333332
29810526998,1892,2026-07-21 07:27:37+00:00,pull_request,failure,test/issue-207-continuous-wave-regression,1337,22.283333333333335
29840066916,1893,2026-07-21 14:38:33+00:00,pull_request,failure,feat/usp-radio,594,9.9
29850432470,1894,2026-07-21 16:51:18+00:00,pull_request,success,feat/usp-radio,1592,26.533333333333335
29865890458,1895,2026-07-21 20:28:19+00:00,pull_request,failure,tlm-archive,338,5.633333333333334
29866402072,1896,2026-07-21 20:35:23+00:00,pull_request,failure,tlm-archive,1252,20.866666666666667
29876003470,1897,2026-07-21 23:05:48+00:00,pull_request,failure,tlm-archive,1935,32.25
29877597248,1898,2026-07-21 23:35:42+00:00,pull_request,failure,tlm-archive,1791,29.85
29890169135,1900,2026-07-22 04:06:09+00:00,pull_request,success,keep-docs-up-to-date,433,7.216666666666667
29890826418,1901,2026-07-22 04:21:04+00:00,pull_request,failure,test/issue-207-continuous-wave-regression,435,7.25
29890912428,1902,2026-07-22 04:23:04+00:00,pull_request,failure,test/issue-207-continuous-wave-regression,213,3.55
29891912158,1903,2026-07-22 04:45:42+00:00,push,success,main,1602,26.7
29891945521,1904,2026-07-22 04:46:29+00:00,pull_request,success,test/issue-207-continuous-wave-regression,470,7.833333333333333
29894110572,1905,2026-07-22 05:33:21+00:00,pull_request,failure,dont-die-mode-manager,1483,24.716666666666665
29897502838,1907,2026-07-22 06:40:19+00:00,pull_request,success,hard_coded_startup,1897,31.616666666666667
29898842726,1908,2026-07-22 07:03:52+00:00,pull_request,success,hard_coded_startup,590,9.833333333333334
29938820021,1909,2026-07-22 16:37:26+00:00,pull_request,success,ci/restore-reset-step,1329,22.15
29939163855,1910,2026-07-22 16:42:09+00:00,pull_request,failure,ci/restore-reset-step,2010,33.5
29975979513,1911,2026-07-23 03:03:25+00:00,pull_request,success,fix/mbedtls-heap-size,1323,22.05
29977220683,1912,2026-07-23 03:31:39+00:00,pull_request,success,fix/mbedtls-heap-size,1287,21.45
29979002023,1913,2026-07-23 04:13:22+00:00,pull_request,failure,dont-die-mode-manager,1350,22.5
29979359072,1914,2026-07-23 04:21:50+00:00,push,success,main,1876,31.266666666666666
29980581181,1915,2026-07-23 04:50:52+00:00,pull_request,success,fix/tlmpacketizer-i16-offset,424,7.066666666666666
29981489459,1916,2026-07-23 05:11:29+00:00,pull_request,success,test/issue-207-continuous-wave-regression,580,9.666666666666666
29982624080,1917,2026-07-23 05:36:47+00:00,pull_request,failure,harden/boot-count-persistence,1771,29.516666666666666
29983198334,1918,2026-07-23 05:49:29+00:00,pull_request,failure,harden/boot-count-persistence,620,10.333333333333334
29983213378,1919,2026-07-23 05:49:49+00:00,push,success,main,582,9.7
29983896449,1920,2026-07-23 06:03:49+00:00,pull_request,failure,feat/usp-radio,480,8.0
29984417560,1921,2026-07-23 06:14:06+00:00,pull_request,failure,dont-die-mode-manager,3409,56.81666666666667
29985404817,1922,2026-07-23 06:33:23+00:00,pull_request,failure,hmac-to-storage,2498,41.63333333333333
29987809055,1923,2026-07-23 07:17:58+00:00,pull_request,failure,hmac-to-storage,23203,386.71666666666664
30012684959,1924,2026-07-23 13:46:17+00:00,pull_request,failure,hmac-to-storage,866,14.433333333333334
30014307502,1925,2026-07-23 14:07:02+00:00,pull_request,failure,hmac-to-storage,957,15.95
30016128554,1926,2026-07-23 14:30:20+00:00,pull_request,failure,hmac-to-storage,544,9.066666666666666
30026433728,1927,2026-07-23 16:44:43+00:00,pull_request,failure,hmac-to-storage,552,9.2
30034861047,1928,2026-07-23 18:42:20+00:00,pull_request,failure,hmac-to-storage,576,9.6
30036653676,1929,2026-07-23 19:07:09+00:00,pull_request,failure,hmac-to-storage,613,10.216666666666667
30037840026,1930,2026-07-23 19:24:37+00:00,pull_request,failure,hmac-to-storage,598,9.966666666666667
30043983799,1931,2026-07-23 20:53:33+00:00,pull_request,failure,hmac-to-storage,567,9.45
30045016783,1932,2026-07-23 21:08:53+00:00,pull_request,failure,hmac-to-storage,552,9.2
30051402310,1933,2026-07-23 22:53:01+00:00,pull_request,failure,hmac-to-storage,642,10.7
30052303346,1934,2026-07-23 23:09:19+00:00,pull_request,failure,hmac-to-storage,559,9.316666666666666
30059278666,1935,2026-07-24 01:33:24+00:00,pull_request,success,harden/boot-count-persistence,1538,25.633333333333333
30061156802,1936,2026-07-24 02:15:28+00:00,pull_request,failure,fix/461-seq-persistence,222,3.7
30061402466,1937,2026-07-24 02:21:10+00:00,pull_request,failure,fix/461-seq-persistence,260,4.333333333333333
30061715354,1938,2026-07-24 02:28:20+00:00,pull_request,failure,fix/461-seq-persistence,4206,70.1
30066612661,1940,2026-07-24 04:22:09+00:00,pull_request,failure,fix/461-seq-persistence,2435,40.583333333333336
30066871916,1941,2026-07-24 04:28:09+00:00,pull_request,failure,hard_coded_startup,173,2.8833333333333333
30067292715,1942,2026-07-24 04:37:52+00:00,pull_request,success,hard_coded_startup,2539,42.31666666666667
30067561113,1943,2026-07-24 04:44:04+00:00,pull_request,success,hard_coded_startup,4040,67.33333333333333
30068871643,1944,2026-07-24 05:13:45+00:00,pull_request,failure,fix/461-seq-persistence,2918,48.63333333333333
30071452887,1946,2026-07-24 06:09:40+00:00,pull_request,success,hard_coded_startup,3557,59.28333333333333
30071506670,1947,2026-07-24 06:10:45+00:00,pull_request,failure,fix/461-seq-persistence,1888,31.466666666666665
30072168549,1948,2026-07-24 06:24:22+00:00,pull_request,success,hard_coded_startup,4381,73.01666666666667
30072715017,1949,2026-07-24 06:35:20+00:00,pull_request,failure,perf/comdelay-divider0-passthrough,1436,23.933333333333334
30073375519,1950,2026-07-24 06:48:19+00:00,pull_request,failure,fix/461-seq-persistence,3754,62.56666666666667
30076986086,1951,2026-07-24 07:53:34+00:00,pull_request,failure,fix/461-seq-persistence,1706,28.433333333333334
30078830090,1952,2026-07-24 08:24:45+00:00,pull_request,success,fix/461-seq-persistence,661,11.016666666666667
30110069280,1953,2026-07-24 16:42:20+00:00,pull_request,failure,perf/v5e-sx1262-spi-tcxo-timing,669,11.15
30131104739,1955,2026-07-24 22:29:47+00:00,pull_request,failure,tlm-archive,771,12.85
30133117690,1956,2026-07-24 23:11:28+00:00,pull_request,failure,tlm-archive,1884,31.4
30139043691,1957,2026-07-25 01:42:55+00:00,pull_request,failure,time_toggle,162,2.7
30142139320,1958,2026-07-25 03:22:34+00:00,pull_request,failure,time_toggle,147,2.45
30142358630,1959,2026-07-25 03:30:06+00:00,pull_request,failure,tlm-archive,921,15.35
30143764519,1960,2026-07-25 04:17:27+00:00,pull_request,success,time_toggle,1363,22.716666666666665
30144121052,1961,2026-07-25 04:29:44+00:00,pull_request,success,tlm-archive,1761,29.35
30144367686,1962,2026-07-25 04:38:06+00:00,pull_request,success,time_toggle,2454,40.9
30147172410,1963,2026-07-25 06:15:00+00:00,pull_request,failure,hard_coded_startup,223,3.716666666666667
30147296689,1964,2026-07-25 06:19:22+00:00,pull_request,success,hard_coded_startup,1386,23.1
30168802436,1965,2026-07-25 18:01:31+00:00,push,success,main,580,9.666666666666666
30182676492,1966,2026-07-26 01:18:36+00:00,pull_request,success,time_toggle,1397,23.283333333333335
30185765873,1968,2026-07-26 03:11:26+00:00,pull_request,success,time_toggle,1379,22.983333333333334
30194854552,1969,2026-07-26 08:34:06+00:00,pull_request,success,time_toggle,1423,23.716666666666665
30210784613,1970,2026-07-26 16:35:40+00:00,pull_request,success,tlm-archive,1417,23.616666666666667
30212527274,1971,2026-07-26 17:25:03+00:00,pull_request,success,harden/boot-count-persistence,1411,23.516666666666666
30214373816,1972,2026-07-26 18:16:34+00:00,pull_request,success,harden/boot-count-persistence,1488,24.8
30216838725,1973,2026-07-26 19:26:05+00:00,pull_request,failure,feat/usp-radio-depatch,1396,23.266666666666666
30219527092,1974,2026-07-26 20:41:54+00:00,pull_request,failure,tlm-archive,1315,21.916666666666668
30219892880,1975,2026-07-26 20:52:24+00:00,pull_request,success,tlm-archive,1863,31.05
30220240784,1976,2026-07-26 21:02:30+00:00,pull_request,success,feat/usp-radio-depatch,452,7.533333333333333
30226638885,1977,2026-07-27 00:05:49+00:00,pull_request,failure,test/comdelay-ut,1493,24.883333333333333
30226732709,1978,2026-07-27 00:08:11+00:00,pull_request,failure,test/comdelay-ut,4739,78.98333333333333
30226775472,1979,2026-07-27 00:09:13+00:00,pull_request,success,chore/fz-pin-wedge-uts,3487,58.11666666666667
30227695831,1980,2026-07-27 00:33:14+00:00,pull_request,success,test/rf-profile-matrix-int,3901,65.01666666666667
30230541017,1981,2026-07-27 01:45:17+00:00,pull_request,success,time_toggle,1431,23.85
30232471699,1982,2026-07-27 02:33:45+00:00,pull_request,failure,tlm-archive,1290,21.5
30237747483,1983,2026-07-27 04:40:43+00:00,pull_request,failure,tlm-archive,1339,22.316666666666666
30239243384,1984,2026-07-27 05:15:22+00:00,push,success,main,581,9.683333333333334
30243939252,1985,2026-07-27 06:48:33+00:00,pull_request,success,chore/fz-pin-wedge-uts,2134,35.56666666666667
30250286997,1986,2026-07-27 08:32:22+00:00,pull_request,success,time_toggle,1372,22.866666666666667
30251468316,1987,2026-07-27 08:50:54+00:00,pull_request,success,time_toggle,1370,22.833333333333332
30284575915,1988,2026-07-27 16:24:34+00:00,pull_request,success,tlm-archive,1387,23.116666666666667
30284589188,1989,2026-07-27 16:24:45+00:00,pull_request,success,tlm-archive,2542,42.36666666666667
30290063385,1990,2026-07-27 17:37:23+00:00,pull_request,success,tlm-archive,1366,22.766666666666666
30294579100,1991,2026-07-27 18:37:15+00:00,pull_request,success,time_toggle,1114,18.566666666666666
30316568128,1992,2026-07-28 00:11:37+00:00,pull_request,failure,hmac-to-storage,1552,25.866666666666667
30321256393,1993,2026-07-28 01:47:10+00:00,pull_request,success,hmac-to-storage,1464,24.4
30322477702,1994,2026-07-28 02:13:02+00:00,pull_request,success,hmac-to-storage,1438,23.966666666666665
30362705906,1995,2026-07-28 13:16:18+00:00,pull_request,success,hmac-to-storage,1441,24.016666666666666
30362949189,1996,2026-07-28 13:19:33+00:00,pull_request,success,hmac-to-storage,2340,39.0
30382828056,1997,2026-07-28 17:25:38+00:00,pull_request,failure,tlm-archive,445,7.416666666666667
30405831916,1998,2026-07-28 22:47:33+00:00,pull_request,success,hmac-to-storage,1367,22.783333333333335
30408763128,1999,2026-07-28 23:41:17+00:00,pull_request,failure,hmac-to-storage,1331,22.183333333333334
30410305836,2000,2026-07-29 00:09:57+00:00,pull_request,success,hmac-to-storage,474,7.9
30429982748,2001,2026-07-29 06:58:55+00:00,pull_request,failure,time_toggle,1365,22.75
30436635970,2002,2026-07-29 08:43:10+00:00,pull_request,success,time_toggle,481,8.016666666666667
30550264644,2003,2026-07-30 14:08:40+00:00,pull_request,success,tlm-archive,460,7.666666666666667
30588170519,2004,2026-07-30 22:44:07+00:00,pull_request,success,v5e-passthrough,1509,25.15
30600783620,2005,2026-07-31 03:07:51+00:00,pull_request,failure,test/comdelay-ut,1934,32.233333333333334
30601858060,2007,2026-07-31 03:33:03+00:00,pull_request,success,fix/c1-cold-provision,16848,280.8
30637261054,2008,2026-07-31 14:07:12+00:00,pull_request,success,hmac-to-storage,2299,38.31666666666667
30673590121,2009,2026-07-31 23:41:53+00:00,pull_request,failure,time_toggle,1024,17.066666666666666
30674658297,2010,2026-08-01 00:06:04+00:00,pull_request,success,time_toggle,580,9.666666666666666
30677422169,2011,2026-08-01 01:13:15+00:00,pull_request,success,time_toggle,1419,23.65
